{"count":1,"self":68.727628799999991,"total":69.5529069,"children":{"InitializeActuators":{"count":24,"self":0.0010008999999999999,"total":0.0010008999999999999,"children":null},"InitializeSensors":{"count":24,"self":0.0015041,"total":0.0015041,"children":null},"AgentSendState":{"count":3229,"self":0.3445353,"total":0.3757481,"children":{"CollectObservations":{"count":15504,"self":0.0100428,"total":0.0100428,"children":null},"WriteActionMask":{"count":15504,"self":0.0040143999999999996,"total":0.0040143999999999996,"children":null},"RequestDecision":{"count":15504,"self":0.0171556,"total":0.0171556,"children":null}}},"DecideAction":{"count":3229,"self":0.36502229999999997,"total":0.39519709999999997,"children":{"RayPerceptionSensor.Perceive":{"count":31008,"self":0.030174799999999998,"total":0.030174799999999998,"children":null}}},"AgentAct":{"count":3229,"self":0.050828,"total":0.050828,"children":null}},"gauges":{"KartAgent.CumulativeReward":{"count":46,"max":0.776166856,"min":-1.41099823,"runningAverage":0.5582246,"value":0.776166856,"weightedAverage":0.3718031}},"metadata":{"timer_format_version":"0.1.0","start_time_seconds":"1699834821","unity_version":"2022.3.11f1","command_line_arguments":"C:\\Program Files\\Unity\\Hub\\Editor\\2022.3.11f1\\Editor\\Unity.exe -projectpath C:\\Game Dev\\AI-Racing-Karts-main -useHub -hubIPC -cloudEnvironment production -licensingIpc LicenseClient-super -hubSessionId 532351e6-3920-4aa0-9bee-1922db5af86b -accessToken dgK25dlspYPTdlJsNlVPREkZ2eUZalud2AJZx7c2ByQ004f","communication_protocol_version":"1.5.0","com.unity.ml-agents_version":"2.0.1","scene_name":"SampleScene","end_time_seconds":"1699834890"}}